Case_ID,Timestamp,Activity
case_id1065443645,2024-10-01T23:13:09+01:00,e
case_id1065443645,2024-10-01T23:13:09+01:00,F
case_id1065443645,2024-10-01T23:13:09+01:00,f
case_id1065443645,2024-10-01T23:13:09+01:00,g
case_id1065443645,2024-10-01T23:13:09+01:00,K
case_id1065443645,2024-10-01T23:13:09+01:00,E
case_id1065443645,2024-10-01T23:13:09+01:00,A
case_id1179858692,2024-10-01T23:13:09+01:00,e
case_id1179858692,2024-10-01T23:13:09+01:00,F
case_id1179858692,2024-10-01T23:13:09+01:00,f
case_id1179858692,2024-10-01T23:13:09+01:00,g
case_id1179858692,2024-10-01T23:13:09+01:00,K
case_id1179858692,2024-10-01T23:13:09+01:00,E
case_id1179858692,2024-10-01T23:13:09+01:00,A
case_id1841166166,2024-10-01T23:13:09+01:00,e
case_id1841166166,2024-10-01T23:13:09+01:00,F
case_id1841166166,2024-10-01T23:13:09+01:00,f
case_id1841166166,2024-10-01T23:13:09+01:00,g
case_id1841166166,2024-10-01T23:13:09+01:00,K
case_id1841166166,2024-10-01T23:13:09+01:00,E
case_id1841166166,2024-10-01T23:13:09+01:00,A
case_id397058667,2024-10-01T23:13:09+01:00,e
case_id397058667,2024-10-01T23:13:09+01:00,F
case_id397058667,2024-10-01T23:13:09+01:00,f
case_id397058667,2024-10-01T23:13:09+01:00,g
case_id397058667,2024-10-01T23:13:09+01:00,K
case_id397058667,2024-10-01T23:13:09+01:00,E
case_id397058667,2024-10-01T23:13:09+01:00,A
case_id1512237791,2024-10-01T23:13:09+01:00,e
case_id1512237791,2024-10-01T23:13:09+01:00,F
case_id1512237791,2024-10-01T23:13:09+01:00,f
case_id1512237791,2024-10-01T23:13:09+01:00,g
case_id1512237791,2024-10-01T23:13:09+01:00,K
case_id1512237791,2024-10-01T23:13:09+01:00,E
case_id1512237791,2024-10-01T23:13:09+01:00,A
case_id1059573738,2024-10-01T23:13:09+01:00,e
case_id1059573738,2024-10-01T23:13:09+01:00,F
case_id1059573738,2024-10-01T23:13:09+01:00,f
case_id1059573738,2024-10-01T23:13:09+01:00,g
case_id1059573738,2024-10-01T23:13:09+01:00,K
case_id1059573738,2024-10-01T23:13:09+01:00,E
case_id1059573738,2024-10-01T23:13:09+01:00,A
case_id117836082,2024-10-01T23:13:09+01:00,e
case_id117836082,2024-10-01T23:13:09+01:00,F
case_id117836082,2024-10-01T23:13:09+01:00,f
case_id117836082,2024-10-01T23:13:09+01:00,g
case_id117836082,2024-10-01T23:13:09+01:00,K
case_id117836082,2024-10-01T23:13:09+01:00,E
case_id117836082,2024-10-01T23:13:09+01:00,A
case_id1249449050,2024-10-01T23:13:09+01:00,e
case_id1249449050,2024-10-01T23:13:09+01:00,F
case_id1249449050,2024-10-01T23:13:09+01:00,f
case_id1249449050,2024-10-01T23:13:09+01:00,g
case_id1249449050,2024-10-01T23:13:09+01:00,K
case_id1249449050,2024-10-01T23:13:09+01:00,E
case_id1249449050,2024-10-01T23:13:09+01:00,A
case_id948144358,2024-10-01T23:13:09+01:00,e
case_id948144358,2024-10-01T23:13:09+01:00,F
case_id948144358,2024-10-01T23:13:09+01:00,f
case_id948144358,2024-10-01T23:13:09+01:00,g
case_id948144358,2024-10-01T23:13:09+01:00,K
case_id948144358,2024-10-01T23:13:09+01:00,E
case_id948144358,2024-10-01T23:13:09+01:00,A
case_id1907235177,2024-10-01T23:13:09+01:00,e
case_id1907235177,2024-10-01T23:13:09+01:00,F
case_id1907235177,2024-10-01T23:13:09+01:00,f
case_id1907235177,2024-10-01T23:13:09+01:00,g
case_id1907235177,2024-10-01T23:13:09+01:00,K
case_id1907235177,2024-10-01T23:13:09+01:00,E
case_id1907235177,2024-10-01T23:13:09+01:00,A
case_id1399673499,2024-10-01T23:13:09+01:00,e
case_id1399673499,2024-10-01T23:13:09+01:00,F
case_id1399673499,2024-10-01T23:13:09+01:00,f
case_id1399673499,2024-10-01T23:13:09+01:00,g
case_id1399673499,2024-10-01T23:13:09+01:00,K
case_id1399673499,2024-10-01T23:13:09+01:00,E
case_id1399673499,2024-10-01T23:13:09+01:00,A
case_id177076359,2024-10-01T23:13:09+01:00,e
case_id177076359,2024-10-01T23:13:09+01:00,F
case_id177076359,2024-10-01T23:13:09+01:00,f
case_id177076359,2024-10-01T23:13:09+01:00,g
case_id177076359,2024-10-01T23:13:09+01:00,K
case_id177076359,2024-10-01T23:13:09+01:00,E
case_id177076359,2024-10-01T23:13:09+01:00,A
case_id1691173801,2024-10-01T23:13:09+01:00,e
case_id1691173801,2024-10-01T23:13:09+01:00,F
case_id1691173801,2024-10-01T23:13:09+01:00,f
case_id1691173801,2024-10-01T23:13:09+01:00,g
case_id1691173801,2024-10-01T23:13:09+01:00,K
case_id1691173801,2024-10-01T23:13:09+01:00,E
case_id1691173801,2024-10-01T23:13:09+01:00,A
case_id789296946,2024-10-01T23:13:09+01:00,e
case_id789296946,2024-10-01T23:13:09+01:00,F
case_id789296946,2024-10-01T23:13:09+01:00,f
case_id789296946,2024-10-01T23:13:09+01:00,g
case_id789296946,2024-10-01T23:13:09+01:00,K
case_id789296946,2024-10-01T23:13:09+01:00,E
case_id789296946,2024-10-01T23:13:09+01:00,A
case_id1915435395,2024-10-01T23:13:09+01:00,e
case_id1915435395,2024-10-01T23:13:09+01:00,F
case_id1915435395,2024-10-01T23:13:09+01:00,f
case_id1915435395,2024-10-01T23:13:09+01:00,g
case_id1915435395,2024-10-01T23:13:09+01:00,K
case_id1915435395,2024-10-01T23:13:09+01:00,E
case_id1915435395,2024-10-01T23:13:09+01:00,A
case_id1501692528,2024-10-01T23:13:09+01:00,e
case_id1501692528,2024-10-01T23:13:09+01:00,F
case_id1501692528,2024-10-01T23:13:09+01:00,f
case_id1501692528,2024-10-01T23:13:09+01:00,g
case_id1501692528,2024-10-01T23:13:09+01:00,K
case_id1501692528,2024-10-01T23:13:09+01:00,E
case_id1501692528,2024-10-01T23:13:09+01:00,A
case_id385563239,2024-10-01T23:13:09+01:00,e
case_id385563239,2024-10-01T23:13:09+01:00,F
case_id385563239,2024-10-01T23:13:09+01:00,f
case_id385563239,2024-10-01T23:13:09+01:00,g
case_id385563239,2024-10-01T23:13:09+01:00,K
case_id385563239,2024-10-01T23:13:09+01:00,E
case_id385563239,2024-10-01T23:13:09+01:00,A
case_id366749660,2024-10-01T23:13:09+01:00,e
case_id366749660,2024-10-01T23:13:09+01:00,F
case_id366749660,2024-10-01T23:13:09+01:00,f
case_id366749660,2024-10-01T23:13:09+01:00,g
case_id366749660,2024-10-01T23:13:09+01:00,K
case_id366749660,2024-10-01T23:13:09+01:00,E
case_id366749660,2024-10-01T23:13:09+01:00,A
case_id789783378,2024-10-01T23:13:09+01:00,e
case_id789783378,2024-10-01T23:13:09+01:00,F
case_id789783378,2024-10-01T23:13:09+01:00,f
case_id789783378,2024-10-01T23:13:09+01:00,g
case_id789783378,2024-10-01T23:13:09+01:00,K
case_id789783378,2024-10-01T23:13:09+01:00,E
case_id789783378,2024-10-01T23:13:09+01:00,A
case_id2103856330,2024-10-01T23:13:09+01:00,e
case_id2103856330,2024-10-01T23:13:09+01:00,F
case_id2103856330,2024-10-01T23:13:09+01:00,f
case_id2103856330,2024-10-01T23:13:09+01:00,g
case_id2103856330,2024-10-01T23:13:09+01:00,K
case_id2103856330,2024-10-01T23:13:09+01:00,E
case_id2103856330,2024-10-01T23:13:09+01:00,A
case_id1700397668,2024-10-01T23:13:09+01:00,e
case_id1700397668,2024-10-01T23:13:09+01:00,F
case_id1700397668,2024-10-01T23:13:09+01:00,f
case_id1700397668,2024-10-01T23:13:09+01:00,g
case_id1700397668,2024-10-01T23:13:09+01:00,K
case_id1700397668,2024-10-01T23:13:09+01:00,E
case_id1700397668,2024-10-01T23:13:09+01:00,A
case_id1566413671,2024-10-01T23:13:09+01:00,e
case_id1566413671,2024-10-01T23:13:09+01:00,F
case_id1566413671,2024-10-01T23:13:09+01:00,f
case_id1566413671,2024-10-01T23:13:09+01:00,g
case_id1566413671,2024-10-01T23:13:09+01:00,K
case_id1566413671,2024-10-01T23:13:09+01:00,E
case_id1566413671,2024-10-01T23:13:09+01:00,A
case_id1634559186,2024-10-01T23:13:09+01:00,e
case_id1634559186,2024-10-01T23:13:09+01:00,F
case_id1634559186,2024-10-01T23:13:09+01:00,f
case_id1634559186,2024-10-01T23:13:09+01:00,g
case_id1634559186,2024-10-01T23:13:09+01:00,K
case_id1634559186,2024-10-01T23:13:09+01:00,E
case_id1634559186,2024-10-01T23:13:09+01:00,A
case_id1083129793,2024-10-01T23:13:09+01:00,e
case_id1083129793,2024-10-01T23:13:09+01:00,F
case_id1083129793,2024-10-01T23:13:09+01:00,f
case_id1083129793,2024-10-01T23:13:09+01:00,g
case_id1083129793,2024-10-01T23:13:09+01:00,K
case_id1083129793,2024-10-01T23:13:09+01:00,E
case_id1083129793,2024-10-01T23:13:09+01:00,A
case_id1971544972,2024-10-01T23:13:09+01:00,e
case_id1971544972,2024-10-01T23:13:09+01:00,F
case_id1971544972,2024-10-01T23:13:09+01:00,f
case_id1971544972,2024-10-01T23:13:09+01:00,g
case_id1971544972,2024-10-01T23:13:09+01:00,K
case_id1971544972,2024-10-01T23:13:09+01:00,E
case_id1971544972,2024-10-01T23:13:09+01:00,A
case_id1758601899,2024-10-01T23:13:09+01:00,e
case_id1758601899,2024-10-01T23:13:09+01:00,F
case_id1758601899,2024-10-01T23:13:09+01:00,f
case_id1758601899,2024-10-01T23:13:09+01:00,g
case_id1758601899,2024-10-01T23:13:09+01:00,K
case_id1758601899,2024-10-01T23:13:09+01:00,E
case_id1758601899,2024-10-01T23:13:09+01:00,A
case_id515005846,2024-10-01T23:13:09+01:00,e
case_id515005846,2024-10-01T23:13:09+01:00,F
case_id515005846,2024-10-01T23:13:09+01:00,f
case_id515005846,2024-10-01T23:13:09+01:00,g
case_id515005846,2024-10-01T23:13:09+01:00,K
case_id515005846,2024-10-01T23:13:09+01:00,E
case_id515005846,2024-10-01T23:13:09+01:00,A
case_id1796743383,2024-10-01T23:13:09+01:00,e
case_id1796743383,2024-10-01T23:13:09+01:00,F
case_id1796743383,2024-10-01T23:13:09+01:00,f
case_id1796743383,2024-10-01T23:13:09+01:00,g
case_id1796743383,2024-10-01T23:13:09+01:00,K
case_id1796743383,2024-10-01T23:13:09+01:00,E
case_id1796743383,2024-10-01T23:13:09+01:00,A
case_id1795454485,2024-10-01T23:13:09+01:00,e
case_id1795454485,2024-10-01T23:13:09+01:00,F
case_id1795454485,2024-10-01T23:13:09+01:00,f
case_id1795454485,2024-10-01T23:13:09+01:00,g
case_id1795454485,2024-10-01T23:13:09+01:00,K
case_id1795454485,2024-10-01T23:13:09+01:00,E
case_id1795454485,2024-10-01T23:13:09+01:00,A
case_id567292660,2024-10-01T23:13:09+01:00,e
case_id567292660,2024-10-01T23:13:09+01:00,F
case_id567292660,2024-10-01T23:13:09+01:00,f
case_id567292660,2024-10-01T23:13:09+01:00,g
case_id567292660,2024-10-01T23:13:09+01:00,K
case_id567292660,2024-10-01T23:13:09+01:00,E
case_id567292660,2024-10-01T23:13:09+01:00,A
case_id603450731,2024-10-01T23:13:09+01:00,e
case_id603450731,2024-10-01T23:13:09+01:00,F
case_id603450731,2024-10-01T23:13:09+01:00,f
case_id603450731,2024-10-01T23:13:09+01:00,g
case_id603450731,2024-10-01T23:13:09+01:00,K
case_id603450731,2024-10-01T23:13:09+01:00,E
case_id603450731,2024-10-01T23:13:09+01:00,A
case_id1249721016,2024-10-01T23:13:09+01:00,e
case_id1249721016,2024-10-01T23:13:09+01:00,F
case_id1249721016,2024-10-01T23:13:09+01:00,f
case_id1249721016,2024-10-01T23:13:09+01:00,g
case_id1249721016,2024-10-01T23:13:09+01:00,K
case_id1249721016,2024-10-01T23:13:09+01:00,E
case_id1249721016,2024-10-01T23:13:09+01:00,A
case_id598407247,2024-10-01T23:13:09+01:00,e
case_id598407247,2024-10-01T23:13:09+01:00,F
case_id598407247,2024-10-01T23:13:09+01:00,f
case_id598407247,2024-10-01T23:13:09+01:00,g
case_id598407247,2024-10-01T23:13:09+01:00,K
case_id598407247,2024-10-01T23:13:09+01:00,E
case_id598407247,2024-10-01T23:13:09+01:00,A
case_id797733299,2024-10-01T23:13:09+01:00,e
case_id797733299,2024-10-01T23:13:09+01:00,F
case_id797733299,2024-10-01T23:13:09+01:00,f
case_id797733299,2024-10-01T23:13:09+01:00,g
case_id797733299,2024-10-01T23:13:09+01:00,K
case_id797733299,2024-10-01T23:13:09+01:00,E
case_id797733299,2024-10-01T23:13:09+01:00,A
case_id1220957956,2024-10-01T23:13:09+01:00,e
case_id1220957956,2024-10-01T23:13:09+01:00,F
case_id1220957956,2024-10-01T23:13:09+01:00,f
case_id1220957956,2024-10-01T23:13:09+01:00,g
case_id1220957956,2024-10-01T23:13:09+01:00,K
case_id1220957956,2024-10-01T23:13:09+01:00,E
case_id1220957956,2024-10-01T23:13:09+01:00,A
case_id1477670928,2024-10-01T23:13:09+01:00,e
case_id1477670928,2024-10-01T23:13:09+01:00,F
case_id1477670928,2024-10-01T23:13:09+01:00,f
case_id1477670928,2024-10-01T23:13:09+01:00,g
case_id1477670928,2024-10-01T23:13:09+01:00,K
case_id1477670928,2024-10-01T23:13:09+01:00,E
case_id1477670928,2024-10-01T23:13:09+01:00,A
case_id1780071664,2024-10-01T23:13:09+01:00,e
case_id1780071664,2024-10-01T23:13:09+01:00,F
case_id1780071664,2024-10-01T23:13:09+01:00,f
case_id1780071664,2024-10-01T23:13:09+01:00,g
case_id1780071664,2024-10-01T23:13:09+01:00,K
case_id1780071664,2024-10-01T23:13:09+01:00,E
case_id1780071664,2024-10-01T23:13:09+01:00,A
case_id1591850343,2024-10-01T23:13:09+01:00,e
case_id1591850343,2024-10-01T23:13:09+01:00,F
case_id1591850343,2024-10-01T23:13:09+01:00,f
case_id1591850343,2024-10-01T23:13:09+01:00,g
case_id1591850343,2024-10-01T23:13:09+01:00,K
case_id1591850343,2024-10-01T23:13:09+01:00,E
case_id1591850343,2024-10-01T23:13:09+01:00,A
case_id782417832,2024-10-01T23:13:09+01:00,e
case_id782417832,2024-10-01T23:13:09+01:00,F
case_id782417832,2024-10-01T23:13:09+01:00,f
case_id782417832,2024-10-01T23:13:09+01:00,g
case_id782417832,2024-10-01T23:13:09+01:00,K
case_id782417832,2024-10-01T23:13:09+01:00,E
case_id782417832,2024-10-01T23:13:09+01:00,A
case_id1023095538,2024-10-01T23:13:09+01:00,e
case_id1023095538,2024-10-01T23:13:09+01:00,F
case_id1023095538,2024-10-01T23:13:09+01:00,f
case_id1023095538,2024-10-01T23:13:09+01:00,g
case_id1023095538,2024-10-01T23:13:09+01:00,K
case_id1023095538,2024-10-01T23:13:09+01:00,E
case_id1023095538,2024-10-01T23:13:09+01:00,A
case_id299564242,2024-10-01T23:13:09+01:00,e
case_id299564242,2024-10-01T23:13:09+01:00,F
case_id299564242,2024-10-01T23:13:09+01:00,f
case_id299564242,2024-10-01T23:13:09+01:00,g
case_id299564242,2024-10-01T23:13:09+01:00,K
case_id299564242,2024-10-01T23:13:09+01:00,E
case_id299564242,2024-10-01T23:13:09+01:00,A
case_id1385760865,2024-10-01T23:13:09+01:00,e
case_id1385760865,2024-10-01T23:13:09+01:00,F
case_id1385760865,2024-10-01T23:13:09+01:00,f
case_id1385760865,2024-10-01T23:13:09+01:00,g
case_id1385760865,2024-10-01T23:13:09+01:00,K
case_id1385760865,2024-10-01T23:13:09+01:00,E
case_id1385760865,2024-10-01T23:13:09+01:00,A
case_id1991970451,2024-10-01T23:13:09+01:00,e
case_id1991970451,2024-10-01T23:13:09+01:00,F
case_id1991970451,2024-10-01T23:13:09+01:00,f
case_id1991970451,2024-10-01T23:13:09+01:00,g
case_id1991970451,2024-10-01T23:13:09+01:00,K
case_id1991970451,2024-10-01T23:13:09+01:00,E
case_id1991970451,2024-10-01T23:13:09+01:00,A
case_id1222841075,2024-10-01T23:13:09+01:00,e
case_id1222841075,2024-10-01T23:13:09+01:00,F
case_id1222841075,2024-10-01T23:13:09+01:00,f
case_id1222841075,2024-10-01T23:13:09+01:00,g
case_id1222841075,2024-10-01T23:13:09+01:00,K
case_id1222841075,2024-10-01T23:13:09+01:00,E
case_id1222841075,2024-10-01T23:13:09+01:00,A
case_id1146354620,2024-10-01T23:13:09+01:00,e
case_id1146354620,2024-10-01T23:13:09+01:00,F
case_id1146354620,2024-10-01T23:13:09+01:00,f
case_id1146354620,2024-10-01T23:13:09+01:00,g
case_id1146354620,2024-10-01T23:13:09+01:00,K
case_id1146354620,2024-10-01T23:13:09+01:00,E
case_id1146354620,2024-10-01T23:13:09+01:00,A
case_id255611398,2024-10-01T23:13:09+01:00,e
case_id255611398,2024-10-01T23:13:09+01:00,F
case_id255611398,2024-10-01T23:13:09+01:00,f
case_id255611398,2024-10-01T23:13:09+01:00,g
case_id255611398,2024-10-01T23:13:09+01:00,K
case_id255611398,2024-10-01T23:13:09+01:00,E
case_id255611398,2024-10-01T23:13:09+01:00,A
case_id1435089998,2024-10-01T23:13:09+01:00,e
case_id1435089998,2024-10-01T23:13:09+01:00,F
case_id1435089998,2024-10-01T23:13:09+01:00,f
case_id1435089998,2024-10-01T23:13:09+01:00,g
case_id1435089998,2024-10-01T23:13:09+01:00,K
case_id1435089998,2024-10-01T23:13:09+01:00,E
case_id1435089998,2024-10-01T23:13:09+01:00,A
case_id384855141,2024-10-01T23:13:09+01:00,e
case_id384855141,2024-10-01T23:13:09+01:00,F
case_id384855141,2024-10-01T23:13:09+01:00,f
case_id384855141,2024-10-01T23:13:09+01:00,g
case_id384855141,2024-10-01T23:13:09+01:00,K
case_id384855141,2024-10-01T23:13:09+01:00,E
case_id384855141,2024-10-01T23:13:09+01:00,A
case_id370067407,2024-10-01T23:13:09+01:00,e
case_id370067407,2024-10-01T23:13:09+01:00,F
case_id370067407,2024-10-01T23:13:09+01:00,f
case_id370067407,2024-10-01T23:13:09+01:00,g
case_id370067407,2024-10-01T23:13:09+01:00,K
case_id370067407,2024-10-01T23:13:09+01:00,E
case_id370067407,2024-10-01T23:13:09+01:00,A
case_id273535604,2024-10-01T23:13:09+01:00,e
case_id273535604,2024-10-01T23:13:09+01:00,F
case_id273535604,2024-10-01T23:13:09+01:00,f
case_id273535604,2024-10-01T23:13:09+01:00,g
case_id273535604,2024-10-01T23:13:09+01:00,K
case_id273535604,2024-10-01T23:13:09+01:00,E
case_id273535604,2024-10-01T23:13:09+01:00,A
case_id1858390566,2024-10-01T23:13:09+01:00,e
case_id1858390566,2024-10-01T23:13:09+01:00,F
case_id1858390566,2024-10-01T23:13:09+01:00,f
case_id1858390566,2024-10-01T23:13:09+01:00,g
case_id1858390566,2024-10-01T23:13:09+01:00,K
case_id1858390566,2024-10-01T23:13:09+01:00,E
case_id1858390566,2024-10-01T23:13:09+01:00,A
case_id1914665916,2024-10-01T23:13:09+01:00,e
case_id1914665916,2024-10-01T23:13:09+01:00,F
case_id1914665916,2024-10-01T23:13:09+01:00,f
case_id1914665916,2024-10-01T23:13:09+01:00,g
case_id1914665916,2024-10-01T23:13:09+01:00,K
case_id1914665916,2024-10-01T23:13:09+01:00,E
case_id1914665916,2024-10-01T23:13:09+01:00,A
case_id1793470739,2024-10-01T23:13:09+01:00,e
case_id1793470739,2024-10-01T23:13:09+01:00,F
case_id1793470739,2024-10-01T23:13:09+01:00,f
case_id1793470739,2024-10-01T23:13:09+01:00,g
case_id1793470739,2024-10-01T23:13:09+01:00,K
case_id1793470739,2024-10-01T23:13:09+01:00,E
case_id1793470739,2024-10-01T23:13:09+01:00,A
case_id1398986503,2024-10-01T23:13:09+01:00,e
case_id1398986503,2024-10-01T23:13:09+01:00,F
case_id1398986503,2024-10-01T23:13:09+01:00,f
case_id1398986503,2024-10-01T23:13:09+01:00,g
case_id1398986503,2024-10-01T23:13:09+01:00,K
case_id1398986503,2024-10-01T23:13:09+01:00,E
case_id1398986503,2024-10-01T23:13:09+01:00,A
case_id1324406570,2024-10-01T23:13:09+01:00,e
case_id1324406570,2024-10-01T23:13:09+01:00,F
case_id1324406570,2024-10-01T23:13:09+01:00,f
case_id1324406570,2024-10-01T23:13:09+01:00,g
case_id1324406570,2024-10-01T23:13:09+01:00,K
case_id1324406570,2024-10-01T23:13:09+01:00,E
case_id1324406570,2024-10-01T23:13:09+01:00,A
case_id877238465,2024-10-01T23:13:09+01:00,e
case_id877238465,2024-10-01T23:13:09+01:00,F
case_id877238465,2024-10-01T23:13:09+01:00,f
case_id877238465,2024-10-01T23:13:09+01:00,g
case_id877238465,2024-10-01T23:13:09+01:00,K
case_id877238465,2024-10-01T23:13:09+01:00,E
case_id877238465,2024-10-01T23:13:09+01:00,A
case_id2080722691,2024-10-01T23:13:09+01:00,e
case_id2080722691,2024-10-01T23:13:09+01:00,F
case_id2080722691,2024-10-01T23:13:09+01:00,f
case_id2080722691,2024-10-01T23:13:09+01:00,g
case_id2080722691,2024-10-01T23:13:09+01:00,K
case_id2080722691,2024-10-01T23:13:09+01:00,E
case_id2080722691,2024-10-01T23:13:09+01:00,A
case_id1776854794,2024-10-01T23:13:09+01:00,e
case_id1776854794,2024-10-01T23:13:09+01:00,F
case_id1776854794,2024-10-01T23:13:09+01:00,f
case_id1776854794,2024-10-01T23:13:09+01:00,g
case_id1776854794,2024-10-01T23:13:09+01:00,K
case_id1776854794,2024-10-01T23:13:09+01:00,E
case_id1776854794,2024-10-01T23:13:09+01:00,A
case_id1477250977,2024-10-01T23:13:09+01:00,e
case_id1477250977,2024-10-01T23:13:09+01:00,F
case_id1477250977,2024-10-01T23:13:09+01:00,f
case_id1477250977,2024-10-01T23:13:09+01:00,g
case_id1477250977,2024-10-01T23:13:09+01:00,K
case_id1477250977,2024-10-01T23:13:09+01:00,E
case_id1477250977,2024-10-01T23:13:09+01:00,A
case_id1873680024,2024-10-01T23:13:09+01:00,e
case_id1873680024,2024-10-01T23:13:09+01:00,F
case_id1873680024,2024-10-01T23:13:09+01:00,f
case_id1873680024,2024-10-01T23:13:09+01:00,g
case_id1873680024,2024-10-01T23:13:09+01:00,K
case_id1873680024,2024-10-01T23:13:09+01:00,E
case_id1873680024,2024-10-01T23:13:09+01:00,A
case_id715715285,2024-10-01T23:13:09+01:00,e
case_id715715285,2024-10-01T23:13:09+01:00,F
case_id715715285,2024-10-01T23:13:09+01:00,f
case_id715715285,2024-10-01T23:13:09+01:00,g
case_id715715285,2024-10-01T23:13:09+01:00,K
case_id715715285,2024-10-01T23:13:09+01:00,E
case_id715715285,2024-10-01T23:13:09+01:00,A
case_id750194722,2024-10-01T23:13:09+01:00,e
case_id750194722,2024-10-01T23:13:09+01:00,F
case_id750194722,2024-10-01T23:13:09+01:00,f
case_id750194722,2024-10-01T23:13:09+01:00,g
case_id750194722,2024-10-01T23:13:09+01:00,K
case_id750194722,2024-10-01T23:13:09+01:00,E
case_id750194722,2024-10-01T23:13:09+01:00,A
case_id225454422,2024-10-01T23:13:09+01:00,e
case_id225454422,2024-10-01T23:13:09+01:00,F
case_id225454422,2024-10-01T23:13:09+01:00,f
case_id225454422,2024-10-01T23:13:09+01:00,g
case_id225454422,2024-10-01T23:13:09+01:00,K
case_id225454422,2024-10-01T23:13:09+01:00,E
case_id225454422,2024-10-01T23:13:09+01:00,A
case_id1171479809,2024-10-01T23:13:09+01:00,e
case_id1171479809,2024-10-01T23:13:09+01:00,F
case_id1171479809,2024-10-01T23:13:09+01:00,f
case_id1171479809,2024-10-01T23:13:09+01:00,g
case_id1171479809,2024-10-01T23:13:09+01:00,K
case_id1171479809,2024-10-01T23:13:09+01:00,E
case_id1171479809,2024-10-01T23:13:09+01:00,A
case_id1701204095,2024-10-01T23:13:09+01:00,e
case_id1701204095,2024-10-01T23:13:09+01:00,F
case_id1701204095,2024-10-01T23:13:09+01:00,f
case_id1701204095,2024-10-01T23:13:09+01:00,g
case_id1701204095,2024-10-01T23:13:09+01:00,K
case_id1701204095,2024-10-01T23:13:09+01:00,E
case_id1701204095,2024-10-01T23:13:09+01:00,A
case_id210462210,2024-10-01T23:13:09+01:00,e
case_id210462210,2024-10-01T23:13:09+01:00,F
case_id210462210,2024-10-01T23:13:09+01:00,f
case_id210462210,2024-10-01T23:13:09+01:00,g
case_id210462210,2024-10-01T23:13:09+01:00,K
case_id210462210,2024-10-01T23:13:09+01:00,E
case_id210462210,2024-10-01T23:13:09+01:00,A
case_id1439223262,2024-10-01T23:13:09+01:00,e
case_id1439223262,2024-10-01T23:13:09+01:00,F
case_id1439223262,2024-10-01T23:13:09+01:00,f
case_id1439223262,2024-10-01T23:13:09+01:00,g
case_id1439223262,2024-10-01T23:13:09+01:00,K
case_id1439223262,2024-10-01T23:13:09+01:00,E
case_id1439223262,2024-10-01T23:13:09+01:00,A
case_id1457905753,2024-10-01T23:13:09+01:00,e
case_id1457905753,2024-10-01T23:13:09+01:00,F
case_id1457905753,2024-10-01T23:13:09+01:00,f
case_id1457905753,2024-10-01T23:13:09+01:00,g
case_id1457905753,2024-10-01T23:13:09+01:00,K
case_id1457905753,2024-10-01T23:13:09+01:00,E
case_id1457905753,2024-10-01T23:13:09+01:00,A
case_id1146809851,2024-10-01T23:13:09+01:00,e
case_id1146809851,2024-10-01T23:13:09+01:00,F
case_id1146809851,2024-10-01T23:13:09+01:00,f
case_id1146809851,2024-10-01T23:13:09+01:00,g
case_id1146809851,2024-10-01T23:13:09+01:00,K
case_id1146809851,2024-10-01T23:13:09+01:00,E
case_id1146809851,2024-10-01T23:13:09+01:00,A
case_id632888747,2024-10-01T23:13:09+01:00,e
case_id632888747,2024-10-01T23:13:09+01:00,F
case_id632888747,2024-10-01T23:13:09+01:00,f
case_id632888747,2024-10-01T23:13:09+01:00,g
case_id632888747,2024-10-01T23:13:09+01:00,K
case_id632888747,2024-10-01T23:13:09+01:00,E
case_id632888747,2024-10-01T23:13:09+01:00,A
case_id1294828997,2024-10-01T23:13:09+01:00,e
case_id1294828997,2024-10-01T23:13:09+01:00,F
case_id1294828997,2024-10-01T23:13:09+01:00,f
case_id1294828997,2024-10-01T23:13:09+01:00,g
case_id1294828997,2024-10-01T23:13:09+01:00,K
case_id1294828997,2024-10-01T23:13:09+01:00,E
case_id1294828997,2024-10-01T23:13:09+01:00,A
case_id707476031,2024-10-01T23:13:09+01:00,e
case_id707476031,2024-10-01T23:13:09+01:00,F
case_id707476031,2024-10-01T23:13:09+01:00,f
case_id707476031,2024-10-01T23:13:09+01:00,g
case_id707476031,2024-10-01T23:13:09+01:00,K
case_id707476031,2024-10-01T23:13:09+01:00,E
case_id707476031,2024-10-01T23:13:09+01:00,A
case_id1150423126,2024-10-01T23:13:09+01:00,e
case_id1150423126,2024-10-01T23:13:09+01:00,F
case_id1150423126,2024-10-01T23:13:09+01:00,f
case_id1150423126,2024-10-01T23:13:09+01:00,g
case_id1150423126,2024-10-01T23:13:09+01:00,K
case_id1150423126,2024-10-01T23:13:09+01:00,E
case_id1150423126,2024-10-01T23:13:09+01:00,A
case_id306512511,2024-10-01T23:13:09+01:00,e
case_id306512511,2024-10-01T23:13:09+01:00,F
case_id306512511,2024-10-01T23:13:09+01:00,f
case_id306512511,2024-10-01T23:13:09+01:00,g
case_id306512511,2024-10-01T23:13:09+01:00,K
case_id306512511,2024-10-01T23:13:09+01:00,E
case_id306512511,2024-10-01T23:13:09+01:00,A
case_id608925298,2024-10-01T23:13:09+01:00,e
case_id608925298,2024-10-01T23:13:09+01:00,F
case_id608925298,2024-10-01T23:13:09+01:00,f
case_id608925298,2024-10-01T23:13:09+01:00,g
case_id608925298,2024-10-01T23:13:09+01:00,K
case_id608925298,2024-10-01T23:13:09+01:00,E
case_id608925298,2024-10-01T23:13:09+01:00,A
case_id2119131851,2024-10-01T23:13:09+01:00,e
case_id2119131851,2024-10-01T23:13:09+01:00,F
case_id2119131851,2024-10-01T23:13:09+01:00,f
case_id2119131851,2024-10-01T23:13:09+01:00,g
case_id2119131851,2024-10-01T23:13:09+01:00,K
case_id2119131851,2024-10-01T23:13:09+01:00,E
case_id2119131851,2024-10-01T23:13:09+01:00,A
case_id1099170469,2024-10-01T23:13:09+01:00,e
case_id1099170469,2024-10-01T23:13:09+01:00,F
case_id1099170469,2024-10-01T23:13:09+01:00,f
case_id1099170469,2024-10-01T23:13:09+01:00,g
case_id1099170469,2024-10-01T23:13:09+01:00,K
case_id1099170469,2024-10-01T23:13:09+01:00,E
case_id1099170469,2024-10-01T23:13:09+01:00,A
case_id539905029,2024-10-01T23:13:09+01:00,e
case_id539905029,2024-10-01T23:13:09+01:00,F
case_id539905029,2024-10-01T23:13:09+01:00,f
case_id539905029,2024-10-01T23:13:09+01:00,g
case_id539905029,2024-10-01T23:13:09+01:00,K
case_id539905029,2024-10-01T23:13:09+01:00,E
case_id539905029,2024-10-01T23:13:09+01:00,A
case_id535531732,2024-10-01T23:13:09+01:00,e
case_id535531732,2024-10-01T23:13:09+01:00,F
case_id535531732,2024-10-01T23:13:09+01:00,f
case_id535531732,2024-10-01T23:13:09+01:00,g
case_id535531732,2024-10-01T23:13:09+01:00,K
case_id535531732,2024-10-01T23:13:09+01:00,E
case_id535531732,2024-10-01T23:13:09+01:00,A
case_id1634622144,2024-10-01T23:13:09+01:00,e
case_id1634622144,2024-10-01T23:13:09+01:00,F
case_id1634622144,2024-10-01T23:13:09+01:00,f
case_id1634622144,2024-10-01T23:13:09+01:00,g
case_id1634622144,2024-10-01T23:13:09+01:00,K
case_id1634622144,2024-10-01T23:13:09+01:00,E
case_id1634622144,2024-10-01T23:13:09+01:00,A
